doc_id,baseline_x,baseline_y,run_x,run_y,displacement
doc_0000,-5.0361494587689247e-17,0.9227317168855814,13.534029,11.8821125,17.41487778818356
doc_0001,-5.664437795122586e-16,0.9227317168855815,8.450104,13.81756,15.41690160358416
doc_0002,0.9359592761749718,2.69683966713402e-16,12.566357,14.168791,18.330869496677355
doc_0003,0.9359592761749718,2.8656607610389897e-16,12.344942,13.0513315,17.33499764520529
doc_0004,-2.245716616771581e-16,-3.841942383117336e-18,10.470373,12.657184,16.426594651821986
