{"n_points": 1200, "tsne_x_min": -41.870262145996094, "tsne_x_max": 46.64973068237305, "tsne_y_min": -42.9708137512207, "tsne_y_max": 45.660858154296875, "umap_x_min": 4.610349655151367, "umap_x_max": 15.242010116577148, "umap_y_min": 8.350069046020508, "umap_y_max": 15.786235809326172}